,GOOG,MSFT,NFLX
GOOG,1,271.869995,197.440002
MSFT,271.869995,1,192.910004
NFLX,197.440002,192.910004,1
